,geometry,LAYER,MAP_NAME,NAME,min,max,mean,count,std,median
0,"POLYGON Z ((289583.7082967249 5130289.22604238 0, 289588.7052508601 5130289.051544896 0, 289588.356255893 5130279.057636626 0, 289583.3593017579 5130279.232134109 0, 289583.7082967249 5130289.22604238 0))",Coverage/Quad,User Created Features,2,0.18846134945206153,0.8730922751819676,0.4385587597458778,4444,0.07892090901094419,0.4365000402685732
1,"POLYGON Z ((289588.7052508601 5130289.051544896 0, 289593.7022049951 5130288.877047412 0, 289593.3532100281 5130278.883139142 0, 289588.356255893 5130279.057636626 0, 289588.7052508601 5130289.051544896 0))",Coverage/Quad,User Created Features,3,0.19321436439744438,0.8879712439556677,0.4452819937749959,4440,0.09108963064607323,0.4253038926521568
2,"POLYGON Z ((289593.7022049951 5130288.877047412 0, 289598.6991591303 5130288.702549929 0, 289598.3501641632 5130278.708641659 0, 289593.3532100281 5130278.883139142 0, 289593.7022049951 5130288.877047412 0))",Coverage/Quad,User Created Features,4,0.23222200809404508,0.8901471055138109,0.5528639621906736,4440,0.11244034321025762,0.5197460633326088
3,"POLYGON Z ((289598.6991591303 5130288.702549929 0, 289603.6961132654 5130288.528052446 0, 289603.3471182983 5130278.534144175 0, 289598.3501641632 5130278.708641659 0, 289598.6991591303 5130288.702549929 0))",Coverage/Quad,User Created Features,5,0.09082526509912402,0.8650828827231628,0.5302947234991199,4444,0.11057006617907778,0.5153917721426213
4,"POLYGON Z ((289603.6961132654 5130288.528052446 0, 289608.6930674004 5130288.353554962 0, 289608.3440724334 5130278.359646692 0, 289603.3471182983 5130278.534144175 0, 289603.6961132654 5130288.528052446 0))",Coverage/Quad,User Created Features,6,0.10469667318982387,0.9224502515247296,0.5366596028220669,4442,0.13273084482254663,0.4958131480537141
5,"POLYGON Z ((289608.6930674004 5130288.353554962 0, 289613.6900215356 5130288.179057478 0, 289613.3410265685 5130278.185149208 0, 289608.3440724334 5130278.359646692 0, 289608.6930674004 5130288.353554962 0))",Coverage/Quad,User Created Features,7,0.11535401750198886,0.8971087560448606,0.5078974946123235,4445,0.1296331690639436,0.475092936802974
6,"POLYGON Z ((289613.6900215356 5130288.179057478 0, 289618.6869756706 5130288.004559995 0, 289618.3379807036 5130278.010651724 0, 289613.3410265685 5130278.185149208 0, 289613.6900215356 5130288.179057478 0))",Coverage/Quad,User Created Features,8,0.13717693836978131,0.8894091415830546,0.5230993130737205,4446,0.13755298887255937,0.5019399478300353
7,"POLYGON Z ((289618.6869756706 5130288.004559995 0, 289623.6839298057 5130287.830062511 0, 289623.3349348387 5130277.836154241 0, 289618.3379807036 5130278.010651724 0, 289618.6869756706 5130288.004559995 0))",Coverage/Quad,User Created Features,9,0.3053282414984543,0.9347369760193371,0.5947246365530755,4437,0.12351576684792899,0.5873946500549652
8,"POLYGON Z ((289623.6839298057 5130287.830062511 0, 289628.6808839408 5130287.655565028 0, 289628.3318889738 5130277.661656758 0, 289623.3349348387 5130277.836154241 0, 289623.6839298057 5130287.830062511 0))",Coverage/Quad,User Created Features,10,0.3296518354896392,0.8965024982155603,0.604641379444694,4443,0.1139055450307811,0.5972783329789496
9,"POLYGON Z ((289628.6808839408 5130287.655565028 0, 289633.6778380759 5130287.481067544 0, 289633.3288431089 5130277.487159275 0, 289628.3318889738 5130277.661656758 0, 289628.6808839408 5130287.655565028 0))",Coverage/Quad,User Created Features,11,0.34253897550111356,0.8962822936357908,0.5853433872649966,4444,0.12113099345635095,0.5521232664751614
10,"POLYGON Z ((289633.6778380759 5130287.481067544 0, 289638.674792211 5130287.306570061 0, 289638.325797244 5130277.31266179 0, 289633.3288431089 5130277.487159275 0, 289633.6778380759 5130287.481067544 0))",Coverage/Quad,User Created Features,12,0.24862453531598513,0.9023595093524593,0.5873011037162288,4437,0.12848584243689629,0.5649514213745952
11,"POLYGON Z ((289583.3593017579 5130279.232134109 0, 289588.356255893 5130279.057636626 0, 289588.007260926 5130269.063728356 0, 289583.0103067909 5130269.238225839 0, 289583.3593017579 5130279.232134109 0))",Coverage/Quad,User Created Features,15,0.0030627871362940277,47.17604617604618,0.45987543442453105,4443,1.0206935226777516,0.4274522343912383
12,"POLYGON Z ((289588.356255893 5130279.057636626 0, 289593.3532100281 5130278.883139142 0, 289593.0042150611 5130268.889230872 0, 289588.007260926 5130269.063728356 0, 289588.356255893 5130279.057636626 0))",Coverage/Quad,User Created Features,16,0.022222222222222223,18.364785172704295,0.4615507478607575,4443,0.2861695942302806,0.4462962088664369
13,"POLYGON Z ((289593.3532100281 5130278.883139142 0, 289598.3501641632 5130278.708641659 0, 289598.0011691962 5130268.714733388 0, 289593.0042150611 5130268.889230872 0, 289593.3532100281 5130278.883139142 0))",Coverage/Quad,User Created Features,17,0.359038837664152,0.8831098713218752,0.5684385977538378,4437,0.11334567722787824,0.5328646356433434
14,"POLYGON Z ((289598.3501641632 5130278.708641659 0, 289603.3471182983 5130278.534144175 0, 289602.9981233313 5130268.540235905 0, 289598.0011691962 5130268.714733388 0, 289598.3501641632 5130278.708641659 0))",Coverage/Quad,User Created Features,18,0.25688073394495414,0.9630743698786433,0.7667506636051165,4444,0.12165168152945297,0.7999474642028461
15,"POLYGON Z ((289603.3471182983 5130278.534144175 0, 289608.3440724334 5130278.359646692 0, 289607.9950774664 5130268.365738422 0, 289602.9981233313 5130268.540235905 0, 289603.3471182983 5130278.534144175 0))",Coverage/Quad,User Created Features,19,0.37782204515272244,0.9697043733203029,0.7721458067977256,4443,0.12807260475669188,0.7909658817876021
16,"POLYGON Z ((289608.3440724334 5130278.359646692 0, 289613.3410265685 5130278.185149208 0, 289612.9920316015 5130268.191240938 0, 289607.9950774664 5130268.365738422 0, 289608.3440724334 5130278.359646692 0))",Coverage/Quad,User Created Features,20,0.3681298413869421,0.9656574785359241,0.8237082345435119,4437,0.09699189349168912,0.8463726884779517
17,"POLYGON Z ((289613.3410265685 5130278.185149208 0, 289618.3379807036 5130278.010651724 0, 289617.9889857366 5130268.016743454 0, 289612.9920316015 5130268.191240938 0, 289613.3410265685 5130278.185149208 0))",Coverage/Quad,User Created Features,21,0.41796875,0.9646358222629409,0.7549703015995125,4445,0.1028174655103662,0.7569788862122715
18,"POLYGON Z ((289618.3379807036 5130278.010651724 0, 289623.3349348387 5130277.836154241 0, 289622.9859398717 5130267.842245971 0, 289617.9889857366 5130268.016743454 0, 289618.3379807036 5130278.010651724 0))",Coverage/Quad,User Created Features,22,0.43732953871694535,0.948528386106849,0.7931542668838587,4444,0.07855843078591834,0.8070608950263127
19,"POLYGON Z ((289623.3349348387 5130277.836154241 0, 289628.3318889738 5130277.661656758 0, 289627.9828940068 5130267.667748488 0, 289622.9859398717 5130267.842245971 0, 289623.3349348387 5130277.836154241 0))",Coverage/Quad,User Created Features,23,0.42959746116585934,0.9541666666666667,0.8163058592385225,4441,0.09274633917446184,0.8381034981208442
20,"POLYGON Z ((289628.3318889738 5130277.661656758 0, 289633.3288431089 5130277.487159275 0, 289632.9798481419 5130267.493251004 0, 289627.9828940068 5130267.667748488 0, 289628.3318889738 5130277.661656758 0))",Coverage/Quad,User Created Features,24,0.38879645036051025,0.9799041944152355,0.8549329053170532,4446,0.08033279040066568,0.8789650049060487
21,"POLYGON Z ((289633.3288431089 5130277.487159275 0, 289638.325797244 5130277.31266179 0, 289637.976802277 5130267.31875352 0, 289632.9798481419 5130267.493251004 0, 289633.3288431089 5130277.487159275 0))",Coverage/Quad,User Created Features,25,0.3551296505073281,0.9820426487093153,0.8314732437774963,4440,0.10178013743694067,0.8595317814254453
22,"POLYGON Z ((289583.0103067909 5130269.238225839 0, 289588.007260926 5130269.063728356 0, 289587.658265959 5130259.069820086 0, 289582.6613118239 5130259.244317569 0, 289583.0103067909 5130269.238225839 0))",Coverage/Quad,User Created Features,28,0.33028679483138984,0.706400621922778,0.45948845220954265,4441,0.04905161321702031,0.45275612947266625
23,"POLYGON Z ((289588.007260926 5130269.063728356 0, 289593.0042150611 5130268.889230872 0, 289592.6552200941 5130258.895322602 0, 289587.658265959 5130259.069820086 0, 289588.007260926 5130269.063728356 0))",Coverage/Quad,User Created Features,29,0.26790401199850017,0.8031644169063952,0.4590279808376903,4446,0.06589201574218294,0.45522911320266213
24,"POLYGON Z ((289593.0042150611 5130268.889230872 0, 289598.0011691962 5130268.714733388 0, 289597.6521742292 5130258.720825118 0, 289592.6552200941 5130258.895322602 0, 289593.0042150611 5130268.889230872 0))",Coverage/Quad,User Created Features,30,0.3883248730964467,0.8837605305610324,0.559302544636402,4444,0.1096900763412215,0.5216589683070367
25,"POLYGON Z ((289598.0011691962 5130268.714733388 0, 289602.9981233313 5130268.540235905 0, 289602.6491283643 5130258.546327635 0, 289597.6521742292 5130258.720825118 0, 289598.0011691962 5130268.714733388 0))",Coverage/Quad,User Created Features,31,0.479844119338146,0.9524631792788217,0.7998188393748247,4438,0.08520459996125032,0.8173442240829396
26,"POLYGON Z ((289602.9981233313 5130268.540235905 0, 289607.9950774664 5130268.365738422 0, 289607.6460824994 5130258.371830151 0, 289602.6491283643 5130258.546327635 0, 289602.9981233313 5130268.540235905 0))",Coverage/Quad,User Created Features,32,0.4842207871329353,0.992106561420819,0.826574156386125,4443,0.08307734032161092,0.8502384446074835
27,"POLYGON Z ((289607.9950774664 5130268.365738422 0, 289612.9920316015 5130268.191240938 0, 289612.6430366345 5130258.197332668 0, 289607.6460824994 5130258.371830151 0, 289607.9950774664 5130268.365738422 0))",Coverage/Quad,User Created Features,33,0.5221987315010571,0.9939832659584469,0.8536500558862501,4439,0.06408094063859408,0.8645305211924559
28,"POLYGON Z ((289612.9920316015 5130268.191240938 0, 289617.9889857366 5130268.016743454 0, 289617.6399907696 5130258.022835184 0, 289612.6430366345 5130258.197332668 0, 289612.9920316015 5130268.191240938 0))",Coverage/Quad,User Created Features,34,0.526173285198556,0.9783210887630976,0.8013973078199094,4441,0.07453241678320693,0.8071640183140317
29,"POLYGON Z ((289617.9889857366 5130268.016743454 0, 289622.9859398717 5130267.842245971 0, 289622.6369449046 5130257.848337701 0, 289617.6399907696 5130258.022835184 0, 289617.9889857366 5130268.016743454 0))",Coverage/Quad,User Created Features,35,0.5658186785043537,0.9590697674418605,0.8613445755935185,4445,0.04891693581111615,0.8692396313364056
30,"POLYGON Z ((289622.9859398717 5130267.842245971 0, 289627.9828940068 5130267.667748488 0, 289627.6338990398 5130257.673840217 0, 289622.6369449046 5130257.848337701 0, 289622.9859398717 5130267.842245971 0))",Coverage/Quad,User Created Features,36,0.4467419635099913,0.9930570622694728,0.8735349487153057,4437,0.06330108255233777,0.8865657293919731
31,"POLYGON Z ((289627.9828940068 5130267.667748488 0, 289632.9798481419 5130267.493251004 0, 289632.6308531748 5130257.499342734 0, 289627.6338990398 5130257.673840217 0, 289627.9828940068 5130267.667748488 0))",Coverage/Quad,User Created Features,37,0.7223767383059418,0.9871368694898107,0.9028712015085635,4444,0.02975100746285796,0.9058931762165652
32,"POLYGON Z ((289632.9798481419 5130267.493251004 0, 289637.976802277 5130267.31875352 0, 289637.62780731 5130257.32484525 0, 289632.6308531748 5130257.499342734 0, 289632.9798481419 5130267.493251004 0))",Coverage/Quad,User Created Features,38,0.6641053787047201,0.9948424530582641,0.8980087941491968,4445,0.034304691727153884,0.9015670525238207
33,"POLYGON Z ((289582.6613118239 5130259.244317569 0, 289587.658265959 5130259.069820086 0, 289587.3092709919 5130249.075911815 0, 289582.3123168569 5130249.250409299 0, 289582.6613118239 5130259.244317569 0))",Coverage/Quad,User Created Features,41,0.32443115051810706,0.702318977756744,0.4351691601893033,4439,0.06006205514542431,0.41811014215744835
34,"POLYGON Z ((289587.658265959 5130259.069820086 0, 289592.6552200941 5130258.895322602 0, 289592.3062251271 5130248.901414332 0, 289587.3092709919 5130249.075911815 0, 289587.658265959 5130259.069820086 0))",Coverage/Quad,User Created Features,42,0.31233967271118973,0.6349546242479861,0.4172477840682126,4441,0.036502446740292314,0.41393182299385983
35,"POLYGON Z ((289592.6552200941 5130258.895322602 0, 289597.6521742292 5130258.720825118 0, 289597.3031792621 5130248.726916848 0, 289592.3062251271 5130248.901414332 0, 289592.6552200941 5130258.895322602 0))",Coverage/Quad,User Created Features,43,0.37685326117594004,0.9014397367338544,0.5257806470266254,4445,0.09224900836574525,0.4937651039149348
36,"POLYGON Z ((289597.6521742292 5130258.720825118 0, 289602.6491283643 5130258.546327635 0, 289602.3001333972 5130248.552419364 0, 289597.3031792621 5130248.726916848 0, 289597.6521742292 5130258.720825118 0))",Coverage/Quad,User Created Features,44,0.477052127022169,0.9767230405528278,0.7910791085701419,4441,0.08365142286352961,0.8051649194579391
37,"POLYGON Z ((289602.6491283643 5130258.546327635 0, 289607.6460824994 5130258.371830151 0, 289607.2970875324 5130248.377921881 0, 289602.3001333972 5130248.552419364 0, 289602.6491283643 5130258.546327635 0))",Coverage/Quad,User Created Features,45,0.5112709011014096,0.9660804020100503,0.8356720260550867,4446,0.08134578560553819,0.8565263636751657
38,"POLYGON Z ((289607.6460824994 5130258.371830151 0, 289612.6430366345 5130258.197332668 0, 289612.2940416674 5130248.203424398 0, 289607.2970875324 5130248.377921881 0, 289607.6460824994 5130258.371830151 0))",Coverage/Quad,User Created Features,46,0.5190857142857143,0.991175633361799,0.8482860688167753,4445,0.05954609011736637,0.8578368703656354
39,"POLYGON Z ((289612.6430366345 5130258.197332668 0, 289617.6399907696 5130258.022835184 0, 289617.2909958026 5130248.028926914 0, 289612.2940416674 5130248.203424398 0, 289612.6430366345 5130258.197332668 0))",Coverage/Quad,User Created Features,47,0.5244526740006535,0.9865962311755894,0.8341168549555684,4437,0.06627123050093915,0.8431461695839964
40,"POLYGON Z ((289617.6399907696 5130258.022835184 0, 289622.6369449046 5130257.848337701 0, 289622.2879499376 5130247.85442943 0, 289617.2909958026 5130248.028926914 0, 289617.6399907696 5130258.022835184 0))",Coverage/Quad,User Created Features,48,0.5151982190256015,0.9870638607998542,0.8675242291072214,4443,0.05618026519499479,0.8780975219824141
41,"POLYGON Z ((289622.6369449046 5130257.848337701 0, 289627.6338990398 5130257.673840217 0, 289627.2849040727 5130247.679931947 0, 289622.2879499376 5130247.85442943 0, 289622.6369449046 5130257.848337701 0))",Coverage/Quad,User Created Features,49,0.5633856759862121,0.9892110586648685,0.8988005969559769,4444,0.04845347245530271,0.9097179585135036
42,"POLYGON Z ((289627.6338990398 5130257.673840217 0, 289632.6308531748 5130257.499342734 0, 289632.2818582078 5130247.505434464 0, 289627.2849040727 5130247.679931947 0, 289627.6338990398 5130257.673840217 0))",Coverage/Quad,User Created Features,50,0.71867474881674,0.9830373179006187,0.9078847995585859,4437,0.0312012223869452,0.9132188200149365
43,"POLYGON Z ((289632.6308531748 5130257.499342734 0, 289637.62780731 5130257.32484525 0, 289637.2788123429 5130247.33093698 0, 289632.2818582078 5130247.505434464 0, 289632.6308531748 5130257.499342734 0))",Coverage/Quad,User Created Features,51,0.6871534741064056,0.9832974819688726,0.9057792434266252,4444,0.03127515374980618,0.9103485479450021
44,"POLYGON Z ((289582.3123168569 5130249.250409299 0, 289587.3092709919 5130249.075911815 0, 289586.9602760249 5130239.082003545 0, 289581.9633218899 5130239.256501028 0, 289582.3123168569 5130249.250409299 0))",Coverage/Quad,User Created Features,54,0.3180688675896344,0.7244889967890986,0.44010340396178527,4443,0.06383073823397985,0.4215879985364069
45,"POLYGON Z ((289587.3092709919 5130249.075911815 0, 289592.3062251271 5130248.901414332 0, 289591.95723016 5130238.907506062 0, 289586.9602760249 5130239.082003545 0, 289587.3092709919 5130249.075911815 0))",Coverage/Quad,User Created Features,55,0.3236825760833214,0.5827452015038586,0.4169153187333933,4437,0.038232324781948705,0.4113027625858926
46,"POLYGON Z ((289592.3062251271 5130248.901414332 0, 289597.3031792621 5130248.726916848 0, 289596.9541842951 5130238.733008577 0, 289591.95723016 5130238.907506062 0, 289592.3062251271 5130248.901414332 0))",Coverage/Quad,User Created Features,56,0.3854940034266134,0.9804147997598042,0.5481361122477066,4444,0.13801345636653128,0.49952781910769706
47,"POLYGON Z ((289597.3031792621 5130248.726916848 0, 289602.3001333972 5130248.552419364 0, 289601.9511384302 5130238.558511094 0, 289596.9541842951 5130238.733008577 0, 289597.3031792621 5130248.726916848 0))",Coverage/Quad,User Created Features,57,0.4506769825918762,0.9812751470133085,0.8229684401474441,4443,0.09988283447898491,0.8566619115549216
48,"POLYGON Z ((289602.3001333972 5130248.552419364 0, 289607.2970875324 5130248.377921881 0, 289606.9480925653 5130238.384013611 0, 289601.9511384302 5130238.558511094 0, 289602.3001333972 5130248.552419364 0))",Coverage/Quad,User Created Features,58,0.4824655894673848,0.9947050550177877,0.8131395407406297,4437,0.10118653255812238,0.8436423384745853
49,"POLYGON Z ((289607.2970875324 5130248.377921881 0, 289612.2940416674 5130248.203424398 0, 289611.9450467004 5130238.209516128 0, 289606.9480925653 5130238.384013611 0, 289607.2970875324 5130248.377921881 0))",Coverage/Quad,User Created Features,59,0.6098072087175188,0.9704359288202618,0.8554375525210849,4446,0.05566209720225461,0.8644482260651214
50,"POLYGON Z ((289612.2940416674 5130248.203424398 0, 289617.2909958026 5130248.028926914 0, 289616.9420008355 5130238.035018644 0, 289611.9450467004 5130238.209516128 0, 289612.2940416674 5130248.203424398 0))",Coverage/Quad,User Created Features,60,0.5531166455607148,0.9834864279079368,0.8219080524860843,4443,0.07467722430258995,0.8358495205311041
51,"POLYGON Z ((289617.2909958026 5130248.028926914 0, 289622.2879499376 5130247.85442943 0, 289621.9389549706 5130237.86052116 0, 289616.9420008355 5130238.035018644 0, 289617.2909958026 5130248.028926914 0))",Coverage/Quad,User Created Features,61,0.5934354882582283,0.982895540623091,0.8693462167215062,4442,0.053435941154715824,0.8798828556631895
52,"POLYGON Z ((289622.2879499376 5130247.85442943 0, 289627.2849040727 5130247.679931947 0, 289626.9359091057 5130237.686023677 0, 289621.9389549706 5130237.86052116 0, 289622.2879499376 5130247.85442943 0))",Coverage/Quad,User Created Features,62,0.6514304505097007,0.9911111111111112,0.8951364874907229,4445,0.04169297104755318,0.9016117548061363
53,"POLYGON Z ((289627.2849040727 5130247.679931947 0, 289632.2818582078 5130247.505434464 0, 289631.9328632408 5130237.511526193 0, 289626.9359091057 5130237.686023677 0, 289627.2849040727 5130247.679931947 0))",Coverage/Quad,User Created Features,63,0.7331567328918323,0.9814845985524322,0.9131300734821804,4439,0.028183464396765626,0.9163295099061523
54,"POLYGON Z ((289632.2818582078 5130247.505434464 0, 289637.2788123429 5130247.33093698 0, 289636.9298173759 5130237.33702871 0, 289631.9328632408 5130237.511526193 0, 289632.2818582078 5130247.505434464 0))",Coverage/Quad,User Created Features,64,0.7310447915055925,0.9838668373879641,0.9055465217372007,4442,0.03282968251897768,0.9113116484152064
55,"POLYGON Z ((289581.9633218899 5130239.256501028 0, 289586.9602760249 5130239.082003545 0, 289586.6112810579 5130229.088095275 0, 289581.6143269228 5130229.262592758 0, 289581.9633218899 5130239.256501028 0))",Coverage/Quad,User Created Features,67,0.32882677933051674,0.7206400554560684,0.44864661735745515,4446,0.07699724014482005,0.4224721878301427
56,"POLYGON Z ((289586.9602760249 5130239.082003545 0, 289591.95723016 5130238.907506062 0, 289591.608235193 5130228.913597791 0, 289586.6112810579 5130229.088095275 0, 289586.9602760249 5130239.082003545 0))",Coverage/Quad,User Created Features,68,0.3026335440832379,0.6316789862724392,0.40556118094102206,4442,0.03738385763587165,0.4012514726331672
57,"POLYGON Z ((289591.95723016 5130238.907506062 0, 289596.9541842951 5130238.733008577 0, 289596.6051893281 5130228.739100308 0, 289591.608235193 5130228.913597791 0, 289591.95723016 5130238.907506062 0))",Coverage/Quad,User Created Features,69,0.3354482194023741,0.9014149634698974,0.48957811962198133,4439,0.07714235402009036,0.472887393627548
58,"POLYGON Z ((289596.9541842951 5130238.733008577 0, 289601.9511384302 5130238.558511094 0, 289601.6021434632 5130228.564602824 0, 289596.6051893281 5130228.739100308 0, 289596.9541842951 5130238.733008577 0))",Coverage/Quad,User Created Features,70,0.4555497790486093,0.9719438877755511,0.8202954485650683,4443,0.0836697111513579,0.841757818146774
59,"POLYGON Z ((289601.9511384302 5130238.558511094 0, 289606.9480925653 5130238.384013611 0, 289606.5990975983 5130228.390105341 0, 289601.6021434632 5130228.564602824 0, 289601.9511384302 5130238.558511094 0))",Coverage/Quad,User Created Features,71,0.5456246102681355,0.9858481029718984,0.8412602479463314,4439,0.08387308530730252,0.8671922161855048
60,"POLYGON Z ((289606.9480925653 5130238.384013611 0, 289611.9450467004 5130238.209516128 0, 289611.5960517334 5130228.215607857 0, 289606.5990975983 5130228.390105341 0, 289606.9480925653 5130238.384013611 0))",Coverage/Quad,User Created Features,72,0.5329619312906221,0.9624427029424811,0.8572654638395993,4442,0.05870420906020515,0.8675096874123625
61,"POLYGON Z ((289611.9450467004 5130238.209516128 0, 289616.9420008355 5130238.035018644 0, 289616.5930058685 5130228.041110374 0, 289611.5960517334 5130228.215607857 0, 289611.9450467004 5130238.209516128 0))",Coverage/Quad,User Created Features,73,0.5732063296973421,0.9709805757079335,0.8374499878408789,4445,0.06483579767979451,0.8474457662701189
62,"POLYGON Z ((289616.9420008355 5130238.035018644 0, 289621.9389549706 5130237.86052116 0, 289621.5899600036 5130227.86661289 0, 289616.5930058685 5130228.041110374 0, 289616.9420008355 5130238.035018644 0))",Coverage/Quad,User Created Features,74,0.5058318286076814,0.9588055405648498,0.8285747099931926,4437,0.08201446467790573,0.8536784900368141
63,"POLYGON Z ((289621.9389549706 5130237.86052116 0, 289626.9359091057 5130237.686023677 0, 289626.5869141387 5130227.692115407 0, 289621.5899600036 5130227.86661289 0, 289621.9389549706 5130237.86052116 0))",Coverage/Quad,User Created Features,75,0.5746244177655317,0.9809081987688465,0.8818193505711467,4445,0.05229896919158633,0.8931164173882621
64,"POLYGON Z ((289626.9359091057 5130237.686023677 0, 289631.9328632408 5130237.511526193 0, 289631.5838682738 5130227.517617923 0, 289626.5869141387 5130227.692115407 0, 289626.9359091057 5130237.686023677 0))",Coverage/Quad,User Created Features,76,0.664275827356235,0.9793598564163924,0.915145305059987,4445,0.028064542498625587,0.9182600382409177
65,"POLYGON Z ((289631.9328632408 5130237.511526193 0, 289636.9298173759 5130237.33702871 0, 289636.5808224088 5130227.34312044 0, 289631.5838682738 5130227.517617923 0, 289631.9328632408 5130237.511526193 0))",Coverage/Quad,User Created Features,77,0.6015334063526835,0.9867067970905443,0.9009793239786977,4441,0.03597946878579177,0.907811825636599
66,"POLYGON Z ((289581.6143269228 5130229.262592758 0, 289586.6112810579 5130229.088095275 0, 289586.2622860909 5130219.094187004 0, 289581.2653319558 5130219.268684488 0, 289581.6143269228 5130229.262592758 0))",Coverage/Quad,User Created Features,80,0.3419829170721159,0.7076391554702495,0.45261618336011505,4442,0.06004659514197435,0.4356386238489135
67,"POLYGON Z ((289586.6112810579 5130229.088095275 0, 289591.608235193 5130228.913597791 0, 289591.259240226 5130218.919689521 0, 289586.2622860909 5130219.094187004 0, 289586.6112810579 5130229.088095275 0))",Coverage/Quad,User Created Features,81,0.3099119355443133,0.5899376214336844,0.42539775114185,4446,0.03759562524503993,0.4209727565719395
68,"POLYGON Z ((289591.608235193 5130228.913597791 0, 289596.6051893281 5130228.739100308 0, 289596.2561943611 5130218.745192038 0, 289591.259240226 5130218.919689521 0, 289591.608235193 5130228.913597791 0))",Coverage/Quad,User Created Features,82,0.35766423357664234,0.9007986548970156,0.5209542444585858,4441,0.08169941941322227,0.5019291476674851
69,"POLYGON Z ((289596.6051893281 5130228.739100308 0, 289601.6021434632 5130228.564602824 0, 289601.2531484962 5130218.570694554 0, 289596.2561943611 5130218.745192038 0, 289596.6051893281 5130228.739100308 0))",Coverage/Quad,User Created Features,83,0.5149847094801223,0.9606005380543261,0.8121237095732659,4446,0.08628654157775029,0.8360878196338899
70,"POLYGON Z ((289601.6021434632 5130228.564602824 0, 289606.5990975983 5130228.390105341 0, 289606.2501026313 5130218.39619707 0, 289601.2531484962 5130218.570694554 0, 289601.6021434632 5130228.564602824 0))",Coverage/Quad,User Created Features,84,0.5153276955602537,0.9632104894659792,0.8301000453002881,4443,0.07981797463769484,0.8548213577940094
71,"POLYGON Z ((289606.5990975983 5130228.390105341 0, 289611.5960517334 5130228.215607857 0, 289611.2470567664 5130218.221699587 0, 289606.2501026313 5130218.39619707 0, 289606.5990975983 5130228.390105341 0))",Coverage/Quad,User Created Features,85,0.5305206463195691,0.9790172642762284,0.8511714784679861,4437,0.05355490986315481,0.8578496042216359
72,"POLYGON Z ((289611.5960517334 5130228.215607857 0, 289616.5930058685 5130228.041110374 0, 289616.2440109015 5130218.047202104 0, 289611.2470567664 5130218.221699587 0, 289611.5960517334 5130228.215607857 0))",Coverage/Quad,User Created Features,86,0.5414622613629647,0.9606648199445983,0.8383967994572646,4443,0.060277606261256854,0.8506935687263556
73,"POLYGON Z ((289616.5930058685 5130228.041110374 0, 289621.5899600036 5130227.86661289 0, 289621.2409650366 5130217.87270462 0, 289616.2440109015 5130218.047202104 0, 289616.5930058685 5130228.041110374 0))",Coverage/Quad,User Created Features,87,0.536530815109344,0.9513966480446927,0.8298039342974849,4443,0.06671754440516892,0.8472396015816608
74,"POLYGON Z ((289621.5899600036 5130227.86661289 0, 289626.5869141387 5130227.692115407 0, 289626.2379191716 5130217.698207136 0, 289621.2409650366 5130217.87270462 0, 289621.5899600036 5130227.86661289 0))",Coverage/Quad,User Created Features,88,0.5585541646344768,0.9947575360419397,0.8809250350367263,4438,0.04926173967394972,0.8896948926830077
75,"POLYGON Z ((289626.5869141387 5130227.692115407 0, 289631.5838682738 5130227.517617923 0, 289631.2348733068 5130217.523709653 0, 289626.2379191716 5130217.698207136 0, 289626.5869141387 5130227.692115407 0))",Coverage/Quad,User Created Features,89,0.6454741379310345,0.9833167825223436,0.9099796285745554,4444,0.03364095227143861,0.9156064745883232
76,"POLYGON Z ((289631.5838682738 5130227.517617923 0, 289636.5808224088 5130227.34312044 0, 289636.2318274418 5130217.34921217 0, 289631.2348733068 5130217.523709653 0, 289631.5838682738 5130227.517617923 0))",Coverage/Quad,User Created Features,90,0.7156093166902586,0.9773290150504859,0.9044497213393392,4440,0.03293548519279497,0.909916955098895
77,"POLYGON Z ((289581.2653319558 5130219.268684488 0, 289586.2622860909 5130219.094187004 0, 289585.9132911239 5130209.100278734 0, 289580.9163369887 5130209.274776218 0, 289581.2653319558 5130219.268684488 0))",Coverage/Quad,User Created Features,93,0.3270251262706988,0.7661029147175243,0.47636226560333367,4437,0.06837949805537188,0.46118524895967855
78,"POLYGON Z ((289586.2622860909 5130219.094187004 0, 289591.259240226 5130218.919689521 0, 289590.9102452589 5130208.925781251 0, 289585.9132911239 5130209.100278734 0, 289586.2622860909 5130219.094187004 0))",Coverage/Quad,User Created Features,94,0.33987674047021227,0.7326067672031428,0.46502370236275314,4444,0.053410200631734316,0.4575527998706434
79,"POLYGON Z ((289591.259240226 5130218.919689521 0, 289596.2561943611 5130218.745192038 0, 289595.9071993941 5130208.751283768 0, 289590.9102452589 5130208.925781251 0, 289591.259240226 5130218.919689521 0))",Coverage/Quad,User Created Features,95,0.352576145744378,0.8581695027259211,0.5208299080950805,4442,0.07745029524276956,0.5012711781624286
80,"POLYGON Z ((289596.2561943611 5130218.745192038 0, 289601.2531484962 5130218.570694554 0, 289600.9041535291 5130208.576786283 0, 289595.9071993941 5130208.751283768 0, 289596.2561943611 5130218.745192038 0))",Coverage/Quad,User Created Features,96,0.478357091713858,0.9710648148148148,0.7857369704393142,4439,0.0926894216649718,0.8003298817923578
81,"POLYGON Z ((289601.2531484962 5130218.570694554 0, 289606.2501026313 5130218.39619707 0, 289605.9011076642 5130208.4022888 0, 289600.9041535291 5130208.576786283 0, 289601.2531484962 5130218.570694554 0))",Coverage/Quad,User Created Features,97,0.5017229496898691,0.9667190533419617,0.8251218991762621,4446,0.09592482628337425,0.8593651585721329
82,"POLYGON Z ((289606.2501026313 5130218.39619707 0, 289611.2470567664 5130218.221699587 0, 289610.8980617994 5130208.227791317 0, 289605.9011076642 5130208.4022888 0, 289606.2501026313 5130218.39619707 0))",Coverage/Quad,User Created Features,98,0.567621172678815,0.991654744873629,0.8473823422845493,4443,0.05889211319042434,0.8553775743707094
83,"POLYGON Z ((289611.2470567664 5130218.221699587 0, 289616.2440109015 5130218.047202104 0, 289615.8950159344 5130208.053293834 0, 289610.8980617994 5130208.227791317 0, 289611.2470567664 5130218.221699587 0))",Coverage/Quad,User Created Features,99,0.5438931297709924,0.9915594441585177,0.8336321708943065,4443,0.06408665360160648,0.8483923961511383
84,"POLYGON Z ((289616.2440109015 5130218.047202104 0, 289621.2409650366 5130217.87270462 0, 289620.8919700696 5130207.87879635 0, 289615.8950159344 5130208.053293834 0, 289616.2440109015 5130218.047202104 0))",Coverage/Quad,User Created Features,100,0.5700217419107303,0.9788270167266568,0.8373809117898061,4444,0.061009666857565106,0.8515187719837809
85,"POLYGON Z ((289621.2409650366 5130217.87270462 0, 289626.2379191716 5130217.698207136 0, 289625.8889242046 5130207.704298866 0, 289620.8919700696 5130207.87879635 0, 289621.2409650366 5130217.87270462 0))",Coverage/Quad,User Created Features,101,0.6270250368188512,0.9909781973101662,0.8898713473983442,4438,0.044214596170462604,0.8974662755036138
86,"POLYGON Z ((289626.2379191716 5130217.698207136 0, 289631.2348733068 5130217.523709653 0, 289630.8858783397 5130207.529801383 0, 289625.8889242046 5130207.704298866 0, 289626.2379191716 5130217.698207136 0))",Coverage/Quad,User Created Features,102,0.6429820378318233,0.9821305841924398,0.9012451175311952,4443,0.04383364082011757,0.9112682848416653
87,"POLYGON Z ((289631.2348733068 5130217.523709653 0, 289636.2318274418 5130217.34921217 0, 289635.8828324748 5130207.355303899 0, 289630.8858783397 5130207.529801383 0, 289631.2348733068 5130217.523709653 0))",Coverage/Quad,User Created Features,103,0.6507447354904982,0.9913562984619296,0.900954465006885,4443,0.0369805229125458,0.9075926771555481
88,"POLYGON Z ((289580.9163369887 5130209.274776218 0, 289585.9132911239 5130209.100278734 0, 289585.5642961568 5130199.106370464 0, 289580.5673420217 5130199.280867947 0, 289580.9163369887 5130209.274776218 0))",Coverage/Quad,User Created Features,106,0.3235970561177553,0.754885930078642,0.4841231429904726,4441,0.07759503871756503,0.4670766077376377
89,"POLYGON Z ((289585.9132911239 5130209.100278734 0, 289590.9102452589 5130208.925781251 0, 289590.5612502919 5130198.931872981 0, 289585.5642961568 5130199.106370464 0, 289585.9132911239 5130209.100278734 0))",Coverage/Quad,User Created Features,107,0.3700094852116927,0.7828209127962562,0.48992843168019806,4440,0.05688035174802212,0.48159134167507966
90,"POLYGON Z ((289590.9102452589 5130208.925781251 0, 289595.9071993941 5130208.751283768 0, 289595.558204427 5130198.757375497 0, 289590.5612502919 5130198.931872981 0, 289590.9102452589 5130208.925781251 0))",Coverage/Quad,User Created Features,108,0.37967651541222164,0.8699502608273687,0.5436483441455492,4443,0.08661625397965544,0.5201992851727499
91,"POLYGON Z ((289595.9071993941 5130208.751283768 0, 289600.9041535291 5130208.576786283 0, 289600.5551585621 5130198.582878014 0, 289595.558204427 5130198.757375497 0, 289595.9071993941 5130208.751283768 0))",Coverage/Quad,User Created Features,109,0.4936477748193229,0.9510180834401253,0.7947578542439169,4438,0.10229538378125058,0.8227871445519379
92,"POLYGON Z ((289600.9041535291 5130208.576786283 0, 289605.9011076642 5130208.4022888 0, 289605.5521126972 5130198.40838053 0, 289600.5551585621 5130198.582878014 0, 289600.9041535291 5130208.576786283 0))",Coverage/Quad,User Created Features,110,0.49967808856141355,0.9702266615443719,0.8485948388344494,4443,0.0764002867090983,0.8725791502024489
93,"POLYGON Z ((289605.9011076642 5130208.4022888 0, 289610.8980617994 5130208.227791317 0, 289610.5490668323 5130198.233883047 0, 289605.5521126972 5130198.40838053 0, 289605.9011076642 5130208.4022888 0))",Coverage/Quad,User Created Features,111,0.5558096980786825,0.9776705459362286,0.861854842476985,4444,0.06049917860518301,0.8718271684829106
94,"POLYGON Z ((289610.8980617994 5130208.227791317 0, 289615.8950159344 5130208.053293834 0, 289615.5460209674 5130198.059385563 0, 289610.5490668323 5130198.233883047 0, 289610.8980617994 5130208.227791317 0))",Coverage/Quad,User Created Features,112,0.5618628359592215,0.9722171449460794,0.8308480127941291,4437,0.07631323552273317,0.8461964805320771
95,"POLYGON Z ((289615.8950159344 5130208.053293834 0, 289620.8919700696 5130207.87879635 0, 289620.5429751025 5130197.88488808 0, 289615.5460209674 5130198.059385563 0, 289615.8950159344 5130208.053293834 0))",Coverage/Quad,User Created Features,113,0.578893833439288,0.9887242690441851,0.8430679304210025,4446,0.05378514607652941,0.8528808562620004
96,"POLYGON Z ((289620.8919700696 5130207.87879635 0, 289625.8889242046 5130207.704298866 0, 289625.5399292376 5130197.710390596 0, 289620.5429751025 5130197.88488808 0, 289620.8919700696 5130207.87879635 0))",Coverage/Quad,User Created Features,114,0.5203342618384401,0.9956983961162662,0.8841448904697067,4445,0.048953244622275814,0.8917464344750702
97,"POLYGON Z ((289625.8889242046 5130207.704298866 0, 289630.8858783397 5130207.529801383 0, 289630.5368833727 5130197.535893112 0, 289625.5399292376 5130197.710390596 0, 289625.8889242046 5130207.704298866 0))",Coverage/Quad,User Created Features,115,0.6185917621866733,0.9948064594660391,0.9027539389601654,4441,0.041405935525868895,0.9115923566878981
98,"POLYGON Z ((289630.8858783397 5130207.529801383 0, 289635.8828324748 5130207.355303899 0, 289635.5338375078 5130197.361395629 0, 289630.5368833727 5130197.535893112 0, 289630.8858783397 5130207.529801383 0))",Coverage/Quad,User Created Features,116,0.6396414543257125,0.9874583578287282,0.9075698719765003,4444,0.03518547189724347,0.913645026110204
99,"POLYGON Z ((289580.5673420217 5130199.280867947 0, 289585.5642961568 5130199.106370464 0, 289585.2153011898 5130189.112462194 0, 289580.2183470547 5130189.286959678 0, 289580.5673420217 5130199.280867947 0))",Coverage/Quad,User Created Features,119,0.28712986034652604,0.8591219694842273,0.4327276751456331,4446,0.07392088995735047,0.41119115831574715
100,"POLYGON Z ((289585.5642961568 5130199.106370464 0, 289590.5612502919 5130198.931872981 0, 289590.2122553249 5130188.93796471 0, 289585.2153011898 5130189.112462194 0, 289585.5642961568 5130199.106370464 0))",Coverage/Quad,User Created Features,120,0.325,0.8299591201090131,0.4654692135227433,4441,0.05279973408740495,0.4588735679495095
101,"POLYGON Z ((289590.5612502919 5130198.931872981 0, 289595.558204427 5130198.757375497 0, 289595.20920946 5130188.763467227 0, 289590.2122553249 5130188.93796471 0, 289590.5612502919 5130198.931872981 0))",Coverage/Quad,User Created Features,121,0.3549863760217984,0.8696486268174475,0.5327579574303526,4445,0.09487242795355942,0.508136168513527
102,"POLYGON Z ((289595.558204427 5130198.757375497 0, 289600.5551585621 5130198.582878014 0, 289600.2061635951 5130188.588969744 0, 289595.20920946 5130188.763467227 0, 289595.558204427 5130198.757375497 0))",Coverage/Quad,User Created Features,122,0.45056286450562866,0.96929298981426,0.8024216824338041,4443,0.09438168351791075,0.8238177424922334
103,"POLYGON Z ((289600.5551585621 5130198.582878014 0, 289605.5521126972 5130198.40838053 0, 289605.2031177302 5130188.41447226 0, 289600.2061635951 5130188.588969744 0, 289600.5551585621 5130198.582878014 0))",Coverage/Quad,User Created Features,123,0.44872918492550395,0.9781052631578947,0.8446840623193254,4437,0.0803875681980219,0.8671632102224196
104,"POLYGON Z ((289605.5521126972 5130198.40838053 0, 289610.5490668323 5130198.233883047 0, 289610.2000718653 5130188.239974776 0, 289605.2031177302 5130188.41447226 0, 289605.5521126972 5130198.40838053 0))",Coverage/Quad,User Created Features,124,0.5595687331536389,0.9781103141231758,0.8577155067832886,4443,0.05470828350871374,0.86476060812344
105,"POLYGON Z ((289610.5490668323 5130198.233883047 0, 289615.5460209674 5130198.059385563 0, 289615.1970260004 5130188.065477293 0, 289610.2000718653 5130188.239974776 0, 289610.5490668323 5130198.233883047 0))",Coverage/Quad,User Created Features,125,0.5717213114754098,0.9896157840083074,0.8315021520598692,4442,0.06032366273409255,0.8422263005430051
106,"POLYGON Z ((289615.5460209674 5130198.059385563 0, 289620.5429751025 5130197.88488808 0, 289620.1939801355 5130187.89097981 0, 289615.1970260004 5130188.065477293 0, 289615.5460209674 5130198.059385563 0))",Coverage/Quad,User Created Features,126,0.48437696072280084,0.9950422186071732,0.8236938859081182,4439,0.07963132100151427,0.842382313129794
107,"POLYGON Z ((289620.5429751025 5130197.88488808 0, 289625.5399292376 5130197.710390596 0, 289625.1909342706 5130187.716482325 0, 289620.1939801355 5130187.89097981 0, 289620.5429751025 5130197.88488808 0))",Coverage/Quad,User Created Features,127,0.5859634551495017,0.9943884261288909,0.884424311157216,4444,0.05107040834112218,0.8949807729280617
108,"POLYGON Z ((289625.5399292376 5130197.710390596 0, 289630.5368833727 5130197.535893112 0, 289630.1878884057 5130187.541984842 0, 289625.1909342706 5130187.716482325 0, 289625.5399292376 5130197.710390596 0))",Coverage/Quad,User Created Features,128,0.6373243395165823,0.9922845087402049,0.906048141398754,4439,0.034927214516691445,0.9111872446962709
109,"POLYGON Z ((289630.5368833727 5130197.535893112 0, 289635.5338375078 5130197.361395629 0, 289635.1848425408 5130187.367487359 0, 289630.1878884057 5130187.541984842 0, 289630.5368833727 5130197.535893112 0))",Coverage/Quad,User Created Features,129,0.7163265306122449,0.98625,0.9045930658375007,4444,0.033026466671097265,0.9099109021808054
110,"POLYGON Z ((289580.2183470547 5130189.286959678 0, 289585.2153011898 5130189.112462194 0, 289584.8663062228 5130179.118553923 0, 289579.8693520877 5130179.293051408 0, 289580.2183470547 5130189.286959678 0))",Coverage/Quad,User Created Features,132,0.34115212142117973,0.7098936455447314,0.49176476911812966,4444,0.07044055671487942,0.47924405140779275
111,"POLYGON Z ((289585.2153011898 5130189.112462194 0, 289590.2122553249 5130188.93796471 0, 289589.8632603579 5130178.94405644 0, 289584.8663062228 5130179.118553923 0, 289585.2153011898 5130189.112462194 0))",Coverage/Quad,User Created Features,133,0.366760693109205,0.6784614331667922,0.4943491561784632,4441,0.04278657581205114,0.4943316635908252
112,"POLYGON Z ((289590.2122553249 5130188.93796471 0, 289595.20920946 5130188.763467227 0, 289594.860214493 5130178.769558957 0, 289589.8632603579 5130178.94405644 0, 289590.2122553249 5130188.93796471 0))",Coverage/Quad,User Created Features,134,0.3455585464333782,0.8752542893332822,0.5435918754509532,4441,0.09547093361169319,0.5156326331216414
113,"POLYGON Z ((289595.20920946 5130188.763467227 0, 289600.2061635951 5130188.588969744 0, 289599.8571686281 5130178.595061474 0, 289594.860214493 5130178.769558957 0, 289595.20920946 5130188.763467227 0))",Coverage/Quad,User Created Features,135,0.4415112329420178,0.9592990390050876,0.7917552022063155,4446,0.099845951619765,0.8170993575796208
114,"POLYGON Z ((289600.2061635951 5130188.588969744 0, 289605.2031177302 5130188.41447226 0, 289604.8541227632 5130178.420563989 0, 289599.8571686281 5130178.595061474 0, 289600.2061635951 5130188.588969744 0))",Coverage/Quad,User Created Features,136,0.48979973797492043,0.9882049391817177,0.838892445528225,4442,0.08828306185832836,0.8679820008689172
115,"POLYGON Z ((289605.2031177302 5130188.41447226 0, 289610.2000718653 5130188.239974776 0, 289609.8510768983 5130178.246066506 0, 289604.8541227632 5130178.420563989 0, 289605.2031177302 5130188.41447226 0))",Coverage/Quad,User Created Features,137,0.6022656734947238,0.994659991656237,0.849420481098304,4443,0.058247027524766716,0.8512407516532443
116,"POLYGON Z ((289610.2000718653 5130188.239974776 0, 289615.1970260004 5130188.065477293 0, 289614.8480310334 5130178.071569023 0, 289609.8510768983 5130178.246066506 0, 289610.2000718653 5130188.239974776 0))",Coverage/Quad,User Created Features,138,0.5363128491620112,0.973343536764237,0.8266005282758104,4444,0.07481307557954647,0.8421232340459485
117,"POLYGON Z ((289615.1970260004 5130188.065477293 0, 289620.1939801355 5130187.89097981 0, 289619.8449851684 5130177.897071539 0, 289614.8480310334 5130178.071569023 0, 289615.1970260004 5130188.065477293 0))",Coverage/Quad,User Created Features,139,0.4844947287220365,0.9780746831106544,0.8139056944553563,4437,0.08403236643785283,0.8351752447110831
118,"POLYGON Z ((289620.1939801355 5130187.89097981 0, 289625.1909342706 5130187.716482325 0, 289624.8419393036 5130177.722574056 0, 289619.8449851684 5130177.897071539 0, 289620.1939801355 5130187.89097981 0))",Coverage/Quad,User Created Features,140,0.5468345696049681,0.9902660609993511,0.8755432062607523,4444,0.055274240064341555,0.8854642253438998
119,"POLYGON Z ((289625.1909342706 5130187.716482325 0, 289630.1878884057 5130187.541984842 0, 289629.8388934386 5130177.548076572 0, 289624.8419393036 5130177.722574056 0, 289625.1909342706 5130187.716482325 0))",Coverage/Quad,User Created Features,141,0.6361999099504727,0.9958887389991649,0.8976794329134544,4443,0.0394051948980899,0.9042643505518188
120,"POLYGON Z ((289630.1878884057 5130187.541984842 0, 289635.1848425408 5130187.367487359 0, 289634.8358475738 5130177.373579089 0, 289629.8388934386 5130177.548076572 0, 289630.1878884057 5130187.541984842 0))",Coverage/Quad,User Created Features,142,0.6661999439932792,0.9887798036465638,0.8997024851612347,4437,0.029333827479430623,0.9023719491234101
121,"POLYGON Z ((289579.8693520877 5130179.293051408 0, 289584.8663062228 5130179.118553923 0, 289584.5173112557 5130169.124645653 0, 289579.5203571207 5130169.299143137 0, 289579.8693520877 5130179.293051408 0))",Coverage/Quad,User Created Features,145,0.33525419387885774,0.687600071161715,0.4671923995573843,4441,0.06521658827388781,0.45100930961378927
122,"POLYGON Z ((289584.8663062228 5130179.118553923 0, 289589.8632603579 5130178.94405644 0, 289589.5142653909 5130168.95014817 0, 289584.5173112557 5130169.124645653 0, 289584.8663062228 5130179.118553923 0))",Coverage/Quad,User Created Features,146,0.2941599604369914,0.6829427083333334,0.4432976296075405,4443,0.049683904709999636,0.43557010365521004
123,"POLYGON Z ((289589.8632603579 5130178.94405644 0, 289594.860214493 5130178.769558957 0, 289594.5112195259 5130168.775650687 0, 289589.5142653909 5130168.95014817 0, 289589.8632603579 5130178.94405644 0))",Coverage/Quad,User Created Features,147,0.297317789782959,0.8931833370461127,0.5088818381178287,4437,0.09075453345270004,0.48729719860190934
124,"POLYGON Z ((289594.860214493 5130178.769558957 0, 289599.8571686281 5130178.595061474 0, 289599.5081736611 5130168.601153203 0, 289594.5112195259 5130168.775650687 0, 289594.860214493 5130178.769558957 0))",Coverage/Quad,User Created Features,148,0.48670876780731387,0.9795918367346939,0.7879035027050741,4444,0.10304743761562675,0.8082778252503096
125,"POLYGON Z ((289599.8571686281 5130178.595061474 0, 289604.8541227632 5130178.420563989 0, 289604.5051277961 5130168.42665572 0, 289599.5081736611 5130168.601153203 0, 289599.8571686281 5130178.595061474 0))",Coverage/Quad,User Created Features,149,0.5053558978259491,0.9776518477133052,0.8447960822712245,4444,0.08946072626294344,0.873595328813054
126,"POLYGON Z ((289604.8541227632 5130178.420563989 0, 289609.8510768983 5130178.246066506 0, 289609.5020819312 5130168.252158236 0, 289604.5051277961 5130168.42665572 0, 289604.8541227632 5130178.420563989 0))",Coverage/Quad,User Created Features,150,0.6106685852304846,0.9765008852406245,0.8572084630983916,4438,0.058740648475764115,0.8622039665170969
127,"POLYGON Z ((289609.8510768983 5130178.246066506 0, 289614.8480310334 5130178.071569023 0, 289614.4990360664 5130168.077660752 0, 289609.5020819312 5130168.252158236 0, 289609.8510768983 5130178.246066506 0))",Coverage/Quad,User Created Features,151,0.5559328428598378,0.9773095623987034,0.87958914804152,4446,0.04821466946390834,0.8884909614338192
128,"POLYGON Z ((289614.8480310334 5130178.071569023 0, 289619.8449851684 5130177.897071539 0, 289619.4959902014 5130167.903163269 0, 289614.4990360664 5130168.077660752 0, 289614.8480310334 5130178.071569023 0))",Coverage/Quad,User Created Features,152,0.5054659031754295,0.9937960449786739,0.8544015839891935,4445,0.06511197279185145,0.8715703444249854
129,"POLYGON Z ((289619.8449851684 5130177.897071539 0, 289624.8419393036 5130177.722574056 0, 289624.4929443366 5130167.728665786 0, 289619.4959902014 5130167.903163269 0, 289619.8449851684 5130177.897071539 0))",Coverage/Quad,User Created Features,153,0.5949553801902795,0.9874583578287282,0.8712630753434643,4440,0.04237227799840183,0.8773027539335821
130,"POLYGON Z ((289624.8419393036 5130177.722574056 0, 289629.8388934386 5130177.548076572 0, 289629.4898984716 5130167.554168302 0, 289624.4929443366 5130167.728665786 0, 289624.8419393036 5130177.722574056 0))",Coverage/Quad,User Created Features,154,0.7297350731514433,0.9915377495702763,0.9069445443499915,4444,0.02790852355159595,0.9096183792247785
131,"POLYGON Z ((289629.8388934386 5130177.548076572 0, 289634.8358475738 5130177.373579089 0, 289634.4868526067 5130167.379670818 0, 289629.4898984716 5130167.554168302 0, 289629.8388934386 5130177.548076572 0))",Coverage/Quad,User Created Features,155,0.664289871944121,0.9897056458098762,0.8989723166115691,4441,0.031317144208632484,0.9031402412937451
